station_id,name,lat,lon,elev,prid,kansoku,type
s47401,稚内,45.415,141.6783,2.8,11,111111,官署
s47402,北見枝幸,44.94,142.585,6.7,11,111111,官署
s47404,羽幌,44.3633,141.7,7.9,13,111111,官署
s47405,雄武,44.58,142.9633,14.1,17,111111,官署
s47406,留萌,43.945,141.6317,23.6,13,111111,官署
s47407,旭川,43.7567,142.3717,119.8,12,111111,官署
s47409,網走,44.0167,144.2783,37.6,17,111111,官署
s47411,小樽,43.1817,141.015,24.9,16,111111,官署
s47412,札幌,43.06,141.3283,17.4,14,111111,官署
s47413,岩見沢,43.2117,141.785,42.3,15,111111,官署
s47417,帯広,42.9217,143.2117,38.4,20,111111,官署
s47418,釧路,42.985,144.3767,4.5,19,111111,官署
s47420,根室,43.33,145.585,25.2,18,111111,官署
s47421,寿都,42.795,140.2233,33.4,16,111111,官署
s47423,室蘭,42.3117,140.975,39.9,21,111111,官署
s47424,苫小牧,42.6233,141.5467,6.3,21,111111,官署
s47426,浦河,42.1617,142.7767,36.7,22,111111,官署
s47428,江差,41.8667,140.1233,3.7,24,111111,官署
s47430,函館,41.8167,140.7533,35.0,23,111111,官署
s47433,倶知安,42.9,140.7567,176.1,16,111111,官署
s47435,紋別,44.345,143.355,15.8,17,111111,官署
s47440,広尾,42.2933,143.3167,32.4,20,111111,官署
s47512,大船渡,39.0633,141.7133,36.9,33,111111,官署
s47520,新庄,38.7567,140.3117,105.1,35,111111,官署
s47570,若松,37.4883,139.91,211.7,36,111111,官署
s47574,深浦,40.645,139.9317,66.1,31,111111,官署
s47575,青森,40.8217,140.7683,2.8,31,111111,官署
s47576,むつ,41.2833,141.21,2.9,31,111111,官署
s47581,八戸,40.5267,141.5217,27.1,31,111111,官署
s47582,秋田,39.7167,140.0983,6.3,32,111111,官署
s47584,盛岡,39.6983,141.165,155.2,33,111111,官署
s47585,宮古,39.6467,141.965,42.5,33,111111,官署
s47587,酒田,38.9083,139.8433,3.1,35,111111,官署
s47588,山形,38.255,140.345,152.5,35,111111,官署
s47590,仙台,38.2617,140.8967,38.9,34,111111,官署
s47592,石巻,38.4267,141.2983,42.5,34,111111,官署
s47595,福島,37.7583,140.47,67.4,36,111111,官署
s47597,白河,37.1317,140.215,355.0,36,111111,官署
s47598,小名浜,36.9467,140.9033,3.3,36,111111,官署
s47600,輪島,37.39,136.895,5.2,56,111111,官署
s47602,相川,38.0283,138.24,5.5,54,111111,官署
s47604,新潟,37.8933,139.0183,4.1,54,111111,官署
s47605,金沢,36.5883,136.6333,5.7,56,111111,官署
s47606,伏木,36.7917,137.055,11.6,55,111111,官署
s47607,富山,36.7083,137.2017,8.6,55,111111,官署
s47610,長野,36.6617,138.1917,418.2,48,111111,官署
s47612,高田,37.1067,138.2467,12.9,54,111111,官署
s47615,宇都宮,36.5483,139.8683,119.4,41,111111,官署
s47616,福井,36.055,136.2217,8.8,57,111111,官署
s47617,高山,36.155,137.2533,560.0,52,111111,官署
s47618,松本,36.2467,137.97,610.0,48,111111,官署
s47620,諏訪,36.045,138.1083,760.1,48,111111,官署
s47622,軽井沢,36.3417,138.5467,999.1,48,111111,官署
s47624,前橋,36.405,139.06,112.1,42,111111,官署
s47626,熊谷,36.15,139.38,30.0,43,111111,官署
s47629,水戸,36.38,140.4667,29.0,40,111111,官署
s47631,敦賀,35.6533,136.0617,1.6,57,111111,官署
s47632,岐阜,35.4,136.7617,12.7,52,111111,官署
s47636,名古屋,35.1667,136.965,51.1,51,111111,官署
s47637,飯田,35.5233,137.8217,516.4,48,111111,官署
s47638,甲府,35.6667,138.5533,272.8,49,111111,官署
s47639,富士山,35.36,138.7267,3775.1,49,111111,官署
s47640,河口湖,35.5,138.76,859.6,49,111111,官署
s47641,秩父,35.99,139.0733,232.1,43,111111,官署
s47646,つくば（館野）,36.0567,140.125,25.2,40,111111,官署
s47648,銚子,35.7383,140.8567,20.1,45,111111,官署
s47649,上野,34.7617,136.1417,159.2,53,111111,官署
s47651,津,34.7333,136.5183,2.7,53,111111,官署
s47653,伊良湖,34.6283,137.0933,6.2,51,111111,官署
s47654,浜松,34.7533,137.7117,45.9,50,111111,官署
s47655,御前崎,34.6033,138.2133,45.1,50,111111,官署
s47656,静岡,34.975,138.4033,14.1,50,111111,官署
s47657,三島,35.1133,138.925,20.5,50,111111,官署
s47662,東京,35.6917,139.75,25.2,44,111111,官署
s47663,尾鷲,34.0683,136.1933,15.3,53,111111,官署
s47666,石廊崎,34.6033,138.8417,52.2,50,111111,官署
s47668,網代,35.045,139.0917,66.9,50,111111,官署
s47670,横浜,35.4383,139.6517,39.1,46,111111,官署
s47672,館山,34.9867,139.865,5.8,45,111111,官署
s47674,勝浦,35.15,140.3117,11.9,45,111111,官署
s47675,大島,34.7483,139.3617,74.0,44,111111,官署
s47677,三宅島,34.1233,139.52,38.2,44,111111,官署
s47678,八丈島,33.1217,139.7783,151.2,44,111111,官署
s47682,千葉,35.6017,140.1033,3.5,45,111111,官署
s47684,四日市,34.94,136.58,55.1,53,111111,官署
s47690,奥日光（日光）,36.7383,139.5,1291.9,41,111111,官署
s47740,西郷,36.2033,133.3333,26.5,68,111111,官署
s47741,松江,35.4567,133.065,16.9,68,111111,官署
s47742,境,35.5433,133.235,2.0,69,111111,官署
s47744,米子,35.4333,133.3383,6.5,69,111111,官署
s47746,鳥取,35.4867,134.2383,7.1,69,111111,官署
s47747,豊岡,35.535,134.8217,3.4,63,111111,官署
s47750,舞鶴,35.45,135.3167,2.4,61,111111,官署
s47754,萩,34.41,131.405,2.2,81,111111,官署
s47755,浜田,34.8967,132.07,19.0,68,111111,官署
s47756,津山,35.0633,134.0083,145.7,66,111111,官署
s47759,京都,35.0133,135.7317,40.8,61,111111,官署
s47761,彦根,35.275,136.2433,87.3,60,111111,官署
s47762,下関,33.9483,130.925,3.3,81,111111,官署
s47765,広島,34.3983,132.4617,3.6,67,111111,官署
s47766,呉,34.24,132.55,3.5,67,111111,官署
s47767,福山,34.4467,133.2467,1.6,67,111111,官署
s47768,岡山,34.685,133.925,5.3,66,111111,官署
s47769,姫路,34.8383,134.67,38.2,63,111111,官署
s47770,神戸,34.6967,135.2117,5.3,63,111111,官署
s47772,大阪,34.6817,135.5183,23.0,62,111111,官署
s47776,洲本,34.31,134.8483,68.8,63,111111,官署
s47777,和歌山,34.2283,135.1633,13.9,65,111111,官署
s47778,潮岬,33.45,135.7567,67.5,65,111111,官署
s47780,奈良,34.6733,135.8367,102.1,64,111111,官署
s47784,山口,34.1617,131.4617,18.1,81,111111,官署
s47800,厳原,34.1967,129.2917,4.6,84,111111,官署
s47805,平戸,33.36,129.55,57.8,84,111111,官署
s47807,福岡,33.5817,130.375,2.5,82,111111,官署
s47809,飯塚,33.6517,130.6933,37.1,82,111111,官署
s47812,佐世保,33.1583,129.7267,3.9,84,111111,官署
s47813,佐賀,33.265,130.305,5.5,85,111111,官署
s47814,日田,33.3217,130.9283,82.9,83,111111,官署
s47815,大分,33.235,131.6183,4.6,83,111111,官署
s47817,長崎,32.7333,129.8667,26.9,84,111111,官署
s47818,雲仙岳,32.7367,130.2617,677.5,84,111111,官署
s47819,熊本,32.8133,130.7067,37.7,86,111111,官署
s47822,延岡,32.5817,131.6567,19.2,87,111111,官署
s47823,阿久根,32.0267,130.2,40.1,88,111111,官署
s47824,人吉,32.2167,130.755,145.8,86,111111,官署
s47827,鹿児島,31.555,130.5467,3.9,88,111111,官署
s47829,都城,31.73,131.0817,153.8,87,111111,官署
s47830,宮崎,31.9383,131.4133,9.2,87,111111,官署
s47831,枕崎,31.2717,130.2917,29.5,88,111111,官署
s47835,油津,31.5783,131.4067,2.9,87,111111,官署
s47836,屋久島,30.385,130.6583,37.3,88,111111,官署
s47837,種子島,30.72,130.9817,24.9,88,111111,官署
s47838,牛深,32.1967,130.0267,3.0,86,111111,官署
s47843,福江,32.6933,128.8267,25.1,84,111111,官署
s47887,松山,33.8433,132.7767,32.2,73,111111,官署
s47890,多度津,34.275,133.7517,3.7,72,111111,官署
s47891,高松,34.3183,134.0533,9.4,72,111111,官署
s47892,宇和島,33.2267,132.5517,2.4,73,111111,官署
s47893,高知,33.5667,133.5483,0.5,74,111111,官署
s47895,徳島,34.0667,134.5733,1.6,71,111111,官署
s47897,宿毛,32.905,132.7167,21.1,74,111111,官署
s47898,清水,32.7217,133.01,31.0,74,111111,官署
s47899,室戸岬,33.2517,134.1767,185.0,74,111111,官署
s47909,名瀬,28.385,129.4933,3.3,88,111111,官署
s47912,与那国島,24.4667,123.01,30.0,91,111111,官署
s47917,西表島,24.4267,123.765,10.3,91,111111,官署
s47918,石垣島,24.3367,124.1633,5.7,91,111111,官署
s47927,宮古島,24.7933,125.2783,38.5,91,111111,官署
s47929,久米島,26.3367,126.8033,4.6,91,111111,官署
s47936,那覇,26.2067,127.6867,28.1,91,111111,官署
s47940,名護,26.5933,127.965,6.2,91,111111,官署
s47942,沖永良部,27.4317,128.705,26.8,88,111111,官署
s47945,南大東（南大東島）,25.8283,131.2283,15.3,91,111111,官署
s47971,父島,27.0917,142.19,2.7,44,111111,官署
s47991,南鳥島,24.2883,153.9833,7.1,44,111111,官署
s89532,昭和,,39.58,29.1,99,111111,官署
